{"cameraMode":{"drawMode":0,"name":"Shaded","section":"Shading Mode"},"sceneLighting":false,"audioPlay":false,"sceneViewState":{"m_AlwaysRefresh":false,"showFog":true,"showSkybox":false,"showFlares":true,"showImageEffects":true,"showParticleSystems":true,"showVisualEffectGraphs":true,"m_FxEnabled":true},"in2DMode":false,"pivot":{"x":23.521209716796876,"y":5.218943119049072,"z":16.832427978515626},"rotation":{"x":0.10636217892169953,"y":0.8702983260154724,"z":-0.21509507298469544,"w":0.43022286891937258},"size":4.7511796951293949,"orthographic":false}