{"cameraMode":{"drawMode":0,"name":"Shaded","section":"Shading Mode"},"sceneLighting":true,"audioPlay":false,"sceneViewState":{"m_AlwaysRefresh":false,"showFog":true,"showSkybox":true,"showFlares":true,"showImageEffects":true,"showParticleSystems":true,"showVisualEffectGraphs":true,"m_FxEnabled":true},"in2DMode":false,"pivot":{"x":-22.791202545166017,"y":-14.471399307250977,"z":-0.33469870686531069},"rotation":{"x":-0.025976311415433885,"y":0.945785403251648,"z":-0.3148922622203827,"w":-0.08133042603731156},"size":19.718433380126954,"orthographic":false}