{"cameraMode":{"drawMode":0,"name":"Shaded","section":"Shading Mode"},"sceneLighting":true,"audioPlay":false,"sceneViewState":{"m_AlwaysRefresh":false,"showFog":true,"showSkybox":true,"showFlares":true,"showImageEffects":true,"showParticleSystems":true,"showVisualEffectGraphs":true,"m_FxEnabled":true},"in2DMode":false,"pivot":{"x":37.480831146240237,"y":1.1574254035949708,"z":83.48967742919922},"rotation":{"x":-0.10553516447544098,"y":-0.1965402215719223,"z":0.021044602617621423,"w":-0.9746953845024109},"size":16.130138397216798,"orthographic":false}