{"cameraMode":{"drawMode":0,"name":"Shaded","section":"Shading Mode"},"sceneLighting":false,"audioPlay":false,"sceneViewState":{"m_AlwaysRefresh":false,"showFog":true,"showSkybox":false,"showFlares":true,"showImageEffects":true,"showParticleSystems":true,"showVisualEffectGraphs":true,"m_FxEnabled":true},"in2DMode":false,"pivot":{"x":0.18477106094360352,"y":1.7625739574432374,"z":0.021947264671325685},"rotation":{"x":0.008353490382432938,"y":0.8302595615386963,"z":-0.005080005619674921,"w":0.5573068857192993},"size":1.1923450231552125,"orthographic":false}