{"cameraMode":{"drawMode":0,"name":"Shaded","section":"Shading Mode"},"sceneLighting":true,"audioPlay":false,"sceneViewState":{"m_AlwaysRefresh":false,"showFog":true,"showSkybox":true,"showFlares":true,"showImageEffects":true,"showParticleSystems":true,"showVisualEffectGraphs":true,"m_FxEnabled":true},"in2DMode":false,"pivot":{"x":0.2138221114873886,"y":2.514327049255371,"z":2.455838441848755},"rotation":{"x":0.003933046478778124,"y":0.9953436255455017,"z":-0.08170779794454575,"w":0.051042210310697559},"size":0.35210472345352175,"orthographic":false}