{"cameraMode":{"drawMode":0,"name":"Shaded","section":"Shading Mode"},"sceneLighting":false,"audioPlay":false,"sceneViewState":{"m_AlwaysRefresh":false,"showFog":true,"showSkybox":false,"showFlares":true,"showImageEffects":true,"showParticleSystems":true,"showVisualEffectGraphs":true,"m_FxEnabled":true},"in2DMode":false,"pivot":{"x":0.0038100499659776689,"y":0.11054039001464844,"z":0.0024442672729492189},"rotation":{"x":0.010690529830753804,"y":-0.0009026819025166333,"z":-0.000009795347978069913,"w":-0.9999529123306274},"size":0.6356323957443237,"orthographic":false}