{"cameraMode":{"drawMode":0,"name":"Shaded","section":"Shading Mode"},"sceneLighting":false,"audioPlay":false,"sceneViewState":{"m_AlwaysRefresh":false,"showFog":true,"showSkybox":false,"showFlares":true,"showImageEffects":true,"showParticleSystems":true,"showVisualEffectGraphs":true,"m_FxEnabled":true},"in2DMode":false,"pivot":{"x":-0.8567587733268738,"y":0.7818742394447327,"z":1.2573775053024293},"rotation":{"x":-0.029297510161995889,"y":-0.9491077065467835,"z":0.09283243864774704,"w":-0.2995358109474182},"size":0.8660253882408142,"orthographic":false}