{"cameraMode":{"drawMode":0,"name":"Shaded","section":"Shading Mode"},"sceneLighting":false,"audioPlay":false,"sceneViewState":{"m_AlwaysRefresh":false,"showFog":true,"showSkybox":false,"showFlares":true,"showImageEffects":true,"showParticleSystems":true,"showVisualEffectGraphs":true,"m_FxEnabled":true},"in2DMode":false,"pivot":{"x":0.1922796219587326,"y":0.1057208701968193,"z":0.45328906178474429},"rotation":{"x":-0.1319408416748047,"y":0.7142730951309204,"z":-0.13972534239292146,"w":-0.6734928488731384},"size":0.5189247131347656,"orthographic":false}