{"cameraMode":{"drawMode":0,"name":"Shaded","section":"Shading Mode"},"sceneLighting":false,"audioPlay":false,"sceneViewState":{"m_AlwaysRefresh":false,"showFog":true,"showSkybox":false,"showFlares":true,"showImageEffects":true,"showParticleSystems":true,"showVisualEffectGraphs":true,"m_FxEnabled":true},"in2DMode":false,"pivot":{"x":0.3063584864139557,"y":0.14807143807411195,"z":-0.4950810670852661},"rotation":{"x":-0.12861278653144837,"y":0.8139906525611877,"z":-0.1974252611398697,"w":-0.5313399434089661},"size":0.7064855098724365,"orthographic":false}