{"cameraMode":{"drawMode":0,"name":"Shaded","section":"Shading Mode"},"sceneLighting":false,"audioPlay":false,"sceneViewState":{"m_AlwaysRefresh":false,"showFog":true,"showSkybox":false,"showFlares":true,"showImageEffects":true,"showParticleSystems":true,"showVisualEffectGraphs":true,"m_FxEnabled":true},"in2DMode":false,"pivot":{"x":0.05948484688997269,"y":0.5678086280822754,"z":0.32456180453300478},"rotation":{"x":0.6147433519363403,"y":0.07384716719388962,"z":-0.05855273827910423,"w":0.7835375666618347},"size":0.9009521007537842,"orthographic":false}