{"cameraMode":{"drawMode":0,"name":"Shaded","section":"Shading Mode"},"sceneLighting":false,"audioPlay":false,"sceneViewState":{"m_AlwaysRefresh":false,"showFog":true,"showSkybox":false,"showFlares":true,"showImageEffects":true,"showParticleSystems":true,"showVisualEffectGraphs":true,"m_FxEnabled":true},"in2DMode":false,"pivot":{"x":0.3092345893383026,"y":0.18515130877494813,"z":-0.8215410113334656},"rotation":{"x":-0.18107064068317414,"y":-0.15625374019145966,"z":0.028597217053174974,"w":-0.9708289504051209},"size":0.8341918587684631,"orthographic":false}