{"cameraMode":{"drawMode":0,"name":"Shaded","section":"Shading Mode"},"sceneLighting":false,"audioPlay":false,"sceneViewState":{"m_AlwaysRefresh":false,"showFog":true,"showSkybox":false,"showFlares":true,"showImageEffects":true,"showParticleSystems":true,"showVisualEffectGraphs":true,"m_FxEnabled":true},"in2DMode":false,"pivot":{"x":-0.0083342045545578,"y":-0.8795760869979858,"z":3.134523868560791},"rotation":{"x":-0.15811580419540406,"y":0.018362242728471757,"z":-0.0029409113340079786,"w":-0.9872493147850037},"size":3.684704065322876,"orthographic":false}