{"cameraMode":{"drawMode":0,"name":"Shaded","section":"Shading Mode"},"sceneLighting":false,"audioPlay":false,"sceneViewState":{"m_AlwaysRefresh":false,"showFog":true,"showSkybox":false,"showFlares":true,"showImageEffects":true,"showParticleSystems":true,"showVisualEffectGraphs":true,"m_FxEnabled":true},"in2DMode":false,"pivot":{"x":259.20745849609377,"y":679.5078735351563,"z":-456.6612243652344},"rotation":{"x":0.018729807808995248,"y":-0.032316144555807117,"z":0.004713779781013727,"w":0.9993001222610474},"size":71.71099853515625,"orthographic":false}