{"cameraMode":{"drawMode":0,"name":"Shaded","section":"Shading Mode"},"sceneLighting":false,"audioPlay":false,"sceneViewState":{"m_AlwaysRefresh":false,"showFog":true,"showSkybox":false,"showFlares":true,"showImageEffects":true,"showParticleSystems":true,"showVisualEffectGraphs":true,"m_FxEnabled":true},"in2DMode":false,"pivot":{"x":0.12349877506494522,"y":-0.24309584498405457,"z":0.09372978657484055},"rotation":{"x":-0.3748326897621155,"y":-0.3409326672554016,"z":0.15054108202457429,"w":-0.8488922119140625},"size":0.9009521007537842,"orthographic":false}