{"cameraMode":{"drawMode":0,"name":"Shaded","section":"Shading Mode"},"sceneLighting":false,"audioPlay":false,"sceneViewState":{"m_AlwaysRefresh":false,"showFog":true,"showSkybox":false,"showFlares":true,"showImageEffects":true,"showParticleSystems":true,"showVisualEffectGraphs":true,"m_FxEnabled":true},"in2DMode":false,"pivot":{"x":0.07712250202894211,"y":-3.651946544647217,"z":40.478187561035159},"rotation":{"x":-0.047791995108127597,"y":0.0005965411546640098,"z":-0.000027921005312236957,"w":-0.9988773465156555},"size":21.385761260986329,"orthographic":false}